{"elements":[{"from":[9.253145,1.4409150000000004,7.75],"to":[9.753145,6.440915,8.25],"rotation":{"angle":0,"axis":"x","origin":[9.503145,1.6909150000000004,8]},"faces":{"north":{"uv":[8.104803720930231,0.1443545945945946,8.314410697674418,0.9383005405405405],"texture":"#6"},"east":{"uv":[8.104803720930231,0.1443545945945946,8.314410697674418,0.9383005405405405],"texture":"#6"},"south":{"uv":[8.104803720930231,0.1443545945945946,8.314410697674418,0.9383005405405405],"texture":"#6"},"west":{"uv":[8.104803720930231,0.1443545945945946,8.314410697674418,0.9383005405405405],"texture":"#6"},"up":{"uv":[8.104803720930231,0.1443545945945946,8.314410697674418,0.9383005405405405],"texture":"#6"},"down":{"uv":[8.104803720930231,0.1443545945945946,8.314410697674418,0.9383005405405405],"texture":"#6"}}},{"from":[8.300184999999999,5.83908,7.776665],"to":[8.69352,8.27908,8.223335],"rotation":{"angle":45,"axis":"z","origin":[8.49685,7.41908,8.026665]},"faces":{"north":{"uv":[8.104803720930231,0.1443545945945946,8.314410697674418,0.9383005405405405],"rotation":180,"texture":"#6"},"east":{"uv":[8.104803720930231,0.1443545945945946,8.314410697674418,0.9383005405405405],"rotation":180,"texture":"#6"},"south":{"uv":[8.104803720930231,0.1443545945945946,8.314410697674418,0.9383005405405405],"rotation":180,"texture":"#6"},"west":{"uv":[8.104803720930231,0.1443545945945946,8.314410697674418,0.9383005405405405],"rotation":180,"texture":"#6"},"up":{"uv":[8.104803720930231,0.1443545945945946,8.314410697674418,0.9383005405405405],"rotation":180,"texture":"#6"},"down":{"uv":[8.104803720930231,0.1443545945945946,8.314410697674418,0.9383005405405405],"rotation":180,"texture":"#6"}}}],"textures":{"6":"diagon_alley:leggy_bird_model"},"display":{"head":{"translation":[0,-6.4,0],"scale":[3.2,3.2,3.2],"rotation":[0,180,0]}},"texture_size":[344,111]}